{"result":{"dataPoints":{"APPLICATION-A7243EE871274569":[[1486668600000,0.2],[1486670400000,0.2],[1486672200000,0.2],[1486674000000,0.2],[1486675800000,0.2],[1486677600000,0.2],[1486679400000,0.2],[1486681200000,0.2],[1486683000000,0.2],[1486684800000,0.2],[1486686600000,0.2],[1486688400000,0.2],[1486690200000,0.2],[1486692000000,0.2],[1486693800000,0.2],[1486695600000,0.2],[1486697400000,0.2],[1486699200000,0.2],[1486701000000,0.2],[1486702800000,0.2],[1486704600000,0.2],[1486706400000,0.2],[1486708200000,0.2],[1486710000000,0.2],[1486711800000,0.2],[1486713600000,0.2],[1486715400000,0.2],[1486717200000,0.2],[1486719000000,0.2],[1486720800000,0.2],[1486722600000,0.2],[1486724400000,0.2],[1486726200000,0.2],[1486728000000,0.2],[1486729800000,0.2],[1486731600000,0.2],[1486733400000,0.2],[1486735200000,0.2],[1486737000000,0.2],[1486738800000,0.2],[1486740600000,0.2],[1486742400000,0.2],[1486744200000,0.2],[1486746000000,0.2],[1486747800000,0.2],[1486749600000,0.2],[1486751400000,0.2],[1486753200000,0.2],[1486755000000,null]],"APPLICATION-7F6ACE5C74505040":[[1486668600000,256.23333333333335],[1486670400000,253.7],[1486672200000,255.03333333333333],[1486674000000,255.5],[1486675800000,254.93333333333334],[1486677600000,254.2],[1486679400000,254.3],[1486681200000,253.7],[1486683000000,252.63333333333333],[1486684800000,252.36666666666667],[1486686600000,254.53333333333333],[1486688400000,254.76666666666668],[1486690200000,252.3],[1486692000000,254.3],[1486693800000,254.43333333333334],[1486695600000,253.76666666666668],[1486697400000,254.93333333333334],[1486699200000,253.0],[1486701000000,252.33333333333334],[1486702800000,257.06666666666666],[1486704600000,253.56666666666666],[1486706400000,253.46666666666667],[1486708200000,253.73333333333332],[1486710000000,254.53333333333333],[1486711800000,252.13333333333333],[1486713600000,254.56666666666666],[1486715400000,255.13333333333333],[1486717200000,252.56666666666666],[1486719000000,251.2],[1486720800000,257.2],[1486722600000,254.13333333333333],[1486724400000,256.7],[1486726200000,253.63333333333333],[1486728000000,255.43333333333334],[1486729800000,254.33333333333334],[1486731600000,254.6],[1486733400000,255.63333333333333],[1486735200000,253.76666666666668],[1486737000000,253.9],[1486738800000,254.6],[1486740600000,257.1333333333333],[1486742400000,253.0],[1486744200000,254.6],[1486746000000,255.16666666666666],[1486747800000,255.16666666666666],[1486749600000,253.86666666666667],[1486751400000,253.96666666666667],[1486753200000,254.13333333333333],[1486755000000,14.733333333333333]],"APPLICATION-39867C12783D2D67":[[1486668600000,null],[1486670400000,null],[1486672200000,null],[1486674000000,null],[1486675800000,null],[1486677600000,null],[1486679400000,null],[1486681200000,null],[1486683000000,null],[1486684800000,null],[1486686600000,null],[1486688400000,null],[1486690200000,null],[1486692000000,null],[1486693800000,null],[1486695600000,null],[1486697400000,null],[1486699200000,null],[1486701000000,null],[1486702800000,null],[1486704600000,null],[1486706400000,null],[1486708200000,null],[1486710000000,0.13333333333333333],[1486711800000,null],[1486713600000,null],[1486715400000,null],[1486717200000,null],[1486719000000,null],[1486720800000,null],[1486722600000,null],[1486724400000,null],[1486726200000,null],[1486728000000,null],[1486729800000,null],[1486731600000,null],[1486733400000,null],[1486735200000,null],[1486737000000,null],[1486738800000,null],[1486740600000,null],[1486742400000,null],[1486744200000,null],[1486746000000,null],[1486747800000,null],[1486749600000,null],[1486751400000,null],[1486753200000,null],[1486755000000,null]],"APPLICATION-157F59F44773DD97":[[1486668600000,2.6333333333333333],[1486670400000,2.4],[1486672200000,2.466666666666667],[1486674000000,2.6666666666666665],[1486675800000,2.8],[1486677600000,4.466666666666667],[1486679400000,3.533333333333333],[1486681200000,3.0],[1486683000000,3.1333333333333333],[1486684800000,3.933333333333333],[1486686600000,2.6666666666666665],[1486688400000,2.7333333333333334],[1486690200000,3.2666666666666666],[1486692000000,2.8],[1486693800000,2.8],[1486695600000,3.066666666666667],[1486697400000,2.6333333333333333],[1486699200000,3.1],[1486701000000,3.6666666666666665],[1486702800000,3.2666666666666666],[1486704600000,5.866666666666666],[1486706400000,3.3333333333333335],[1486708200000,3.0],[1486710000000,1.6],[1486711800000,2.8],[1486713600000,3.1333333333333333],[1486715400000,3.2],[1486717200000,3.533333333333333],[1486719000000,3.466666666666667],[1486720800000,2.2666666666666666],[1486722600000,2.7333333333333334],[1486724400000,2.533333333333333],[1486726200000,3.2333333333333334],[1486728000000,3.1],[1486729800000,3.2666666666666666],[1486731600000,4.133333333333334],[1486733400000,3.6666666666666665],[1486735200000,3.533333333333333],[1486737000000,2.533333333333333],[1486738800000,3.066666666666667],[1486740600000,2.933333333333333],[1486742400000,3.066666666666667],[1486744200000,3.2666666666666666],[1486746000000,2.2333333333333334],[1486747800000,2.566666666666667],[1486749600000,2.933333333333333],[1486751400000,2.933333333333333],[1486753200000,2.2],[1486755000000,0.26666666666666666]],"APPLICATION-22D70A0636596C20":[[1486668600000,11.066666666666666],[1486670400000,10.733333333333333],[1486672200000,10.833333333333334],[1486674000000,11.0],[1486675800000,10.933333333333334],[1486677600000,10.966666666666667],[1486679400000,11.033333333333333],[1486681200000,10.833333333333334],[1486683000000,10.833333333333334],[1486684800000,10.866666666666667],[1486686600000,11.033333333333333],[1486688400000,10.833333333333334],[1486690200000,10.933333333333334],[1486692000000,11.066666666666666],[1486693800000,10.766666666666667],[1486695600000,10.933333333333334],[1486697400000,10.933333333333334],[1486699200000,10.866666666666667],[1486701000000,11.366666666666667],[1486702800000,10.866666666666667],[1486704600000,10.8],[1486706400000,11.0],[1486708200000,10.966666666666667],[1486710000000,10.933333333333334],[1486711800000,11.066666666666666],[1486713600000,10.9],[1486715400000,11.2],[1486717200000,10.566666666666666],[1486719000000,10.733333333333333],[1486720800000,10.966666666666667],[1486722600000,10.8],[1486724400000,10.6],[1486726200000,11.0],[1486728000000,10.633333333333333],[1486729800000,10.966666666666667],[1486731600000,11.0],[1486733400000,10.6],[1486735200000,10.733333333333333],[1486737000000,10.9],[1486738800000,11.066666666666666],[1486740600000,10.866666666666667],[1486742400000,10.933333333333334],[1486744200000,10.933333333333334],[1486746000000,10.933333333333334],[1486747800000,10.6],[1486749600000,10.666666666666666],[1486751400000,11.1],[1486753200000,10.866666666666667],[1486755000000,0.8666666666666667]],"APPLICATION-02919C21F8338977":[[1486668600000,0.6],[1486670400000,0.6333333333333333],[1486672200000,0.6],[1486674000000,0.6],[1486675800000,0.6],[1486677600000,0.6],[1486679400000,0.6],[1486681200000,0.6],[1486683000000,0.6],[1486684800000,0.6],[1486686600000,0.6],[1486688400000,0.6],[1486690200000,0.6],[1486692000000,0.6],[1486693800000,0.6],[1486695600000,0.6],[1486697400000,0.6],[1486699200000,0.6],[1486701000000,0.6],[1486702800000,0.6],[1486704600000,0.6],[1486706400000,0.6],[1486708200000,0.6],[1486710000000,0.6],[1486711800000,0.6],[1486713600000,0.6],[1486715400000,0.6],[1486717200000,0.6],[1486719000000,0.6],[1486720800000,0.6],[1486722600000,0.6],[1486724400000,0.6],[1486726200000,0.6],[1486728000000,0.6],[1486729800000,0.6],[1486731600000,0.6],[1486733400000,0.6],[1486735200000,0.6333333333333333],[1486737000000,0.6],[1486738800000,0.6],[1486740600000,0.6],[1486742400000,0.6],[1486744200000,0.6],[1486746000000,0.6],[1486747800000,0.6],[1486749600000,0.6],[1486751400000,0.6],[1486753200000,0.6],[1486755000000,null]],